Item type,Path in zip,Section / Registry key,Name,Type,Win 11,Win10,Domain,Note 1,Note 2
File,Backup/{GUID}/Backup.xml,,,file,6130,6130,6130,,
File,Backup/{GUID}/Bkupinfo.xml,,,file,595,595,595,,
File,Backup/{GUID}/DomainSysvol/GPO/Machine/microsoft/windows nt/Audit/audit.csv,,,file,6021,5955,6067,,
File,Backup/{GUID}/DomainSysvol/GPO/Machine/microsoft/windows nt/SecEdit/GptTmpl.inf,,,file,17656,20376,22100,,
File,Backup/{GUID}/DomainSysvol/GPO/Machine/registry.pol,,,file,8,8,150,,
File,Backup/{GUID}/DomainSysvol/GPO/User/registry.pol,,,file,8,8,8,,
File,Extra/,,,file,,,0,,
File,Extra/NonAdmin-Registry.pol,,,file,13410,786,,,
File,GPO-Template.zip,,,zip,8545,7500,8226,,
File,manifest.json,,,file,215,215,215,,
Manifest,manifest.json,,Build,info,26200,19045,19045,,
Manifest,manifest.json,,Computer,info,STCL00655,STCD00127,STCD00573,,
Manifest,manifest.json,,Created,info,2026-10-06T16:32:00,2026-10-06T16:54:02,2026-10-06T17:27:20,,
Manifest,manifest.json,,OS,info,Microsoft Windows 11 Pro for Workstations,Microsoft Windows 10 Pro for Workstations,Microsoft Windows 10 Pro for Workstations,,
Setting,Backup/{GUID}/DomainSysvol/GPO/Machine/registry.pol,Software\Microsoft\Windows\CurrentVersion\Policies\Explorer,(key),REG_NONE,,,,,
Setting,Extra/NonAdmin-Registry.pol,SOFTWARE\Microsoft\Windows\CurrentVersion\Policies\Explorer,NoDrives,REG_DWORD,15,15,,,
Setting,Extra/NonAdmin-Registry.pol,SOFTWARE\Policies\Microsoft\office\16.0\common\fileio,enablecloudonlysaveasmode,REG_DWORD,1,1,,,
Setting,Extra/NonAdmin-Registry.pol,SOFTWARE\Policies\Microsoft\office\16.0\common\internet,onlinestorage,REG_DWORD,133,133,,,
Setting,Extra/NonAdmin-Registry.pol,SOFTWARE\Policies\Microsoft\OneDrive,DisablePersonalSync,REG_DWORD,1,1,,,
Setting,Extra/NonAdmin-Registry.pol,SOFTWARE\Policies\Microsoft\OneDrive,EnableAutoStart,REG_DWORD,1,1,,,
Setting,Extra/NonAdmin-Registry.pol,Software\Policies\Microsoft\OneDrive,KfmForceWindowsDisplayLanguage,REG_DWORD,1,,,,
Setting,Extra/NonAdmin-Registry.pol,Software\Policies\Microsoft\SystemCertificates\Disallowed\Certificates,(key),REG_NONE,,,,,
Setting,Extra/NonAdmin-Registry.pol,Software\Policies\Microsoft\SystemCertificates\Disallowed\CRLs,(key),REG_NONE,,,,,
Setting,Extra/NonAdmin-Registry.pol,Software\Policies\Microsoft\SystemCertificates\Disallowed\CTLs,(key),REG_NONE,,,,,
Setting,Extra/NonAdmin-Registry.pol,Software\Policies\Microsoft\SystemCertificates\Trust\Certificates,(key),REG_NONE,,,,,
Setting,Extra/NonAdmin-Registry.pol,Software\Policies\Microsoft\SystemCertificates\Trust\CRLs,(key),REG_NONE,,,,,
Setting,Extra/NonAdmin-Registry.pol,Software\Policies\Microsoft\SystemCertificates\Trust\CTLs,(key),REG_NONE,,,,,
Setting,Extra/NonAdmin-Registry.pol,Software\Policies\Microsoft\SystemCertificates\TrustedPeople\Certificates,(key),REG_NONE,,,,,
Setting,Extra/NonAdmin-Registry.pol,Software\Policies\Microsoft\SystemCertificates\TrustedPeople\CRLs,(key),REG_NONE,,,,,
Setting,Extra/NonAdmin-Registry.pol,Software\Policies\Microsoft\SystemCertificates\TrustedPeople\CTLs,(key),REG_NONE,,,,,
Setting,Extra/NonAdmin-Registry.pol,Software\Policies\Microsoft\SystemCertificates\TrustedPublisher\Certificates,(key),REG_NONE,,,,,
Setting,Extra/NonAdmin-Registry.pol,Software\Policies\Microsoft\SystemCertificates\TrustedPublisher\CRLs,(key),REG_NONE,,,,,
Setting,Extra/NonAdmin-Registry.pol,Software\Policies\Microsoft\SystemCertificates\TrustedPublisher\CTLs,(key),REG_NONE,,,,,
Setting,Extra/NonAdmin-Registry.pol,Software\Policies\Microsoft\Windows\RemovableStorageDevices\{53f5630d-b6bf-11d0-94f2-00a0c91efb8b},Deny_Write,REG_DWORD,1,,,,
Setting,Extra/NonAdmin-Registry.pol,Software\Policies\Microsoft\Windows\Safer\CodeIdentifiers,DefaultLevel,REG_DWORD,0,,,,
Setting,Extra/NonAdmin-Registry.pol,Software\Policies\Microsoft\Windows\Safer\CodeIdentifiers,ExecutableTypes,REG_MULTI_SZ,ADE | ADP | BAS | BAT | CHM | CMD | COM | CPL | CRT | EXE | HLP | HTA | INF | INS | ISP | LNK | MDB | MDE | MSC | MSI | MSP | MST | OCX | PCD | PIF | REG | SCR | SHS | URL | VB | WSC,,,,
Setting,Extra/NonAdmin-Registry.pol,Software\Policies\Microsoft\Windows\Safer\CodeIdentifiers,PolicyScope,REG_DWORD,1,,,,
Setting,Extra/NonAdmin-Registry.pol,Software\Policies\Microsoft\Windows\Safer\CodeIdentifiers,TransparentEnabled,REG_DWORD,1,,,,
SRP path rule,Extra/NonAdmin-Registry.pol,Software\Policies\Microsoft\Windows\Safer\CodeIdentifiers\262144\Paths,%HKEY_LOCAL_MACHINE\SOFTWARE\Microsoft\Windows NT\CurrentVersion\SystemRoot%,SRP path rule,Unrestricted,,,,
SRP path rule,Extra/NonAdmin-Registry.pol,Software\Policies\Microsoft\Windows\Safer\CodeIdentifiers\262144\Paths,%HKEY_LOCAL_MACHINE\SOFTWARE\Microsoft\Windows\CurrentVersion\ProgramFilesDir%,SRP path rule,Unrestricted,,,,
SRP path rule,Extra/NonAdmin-Registry.pol,Software\Policies\Microsoft\Windows\Safer\CodeIdentifiers\262144\Paths,\\?\C:\Windows\System32\SecurityHealth\10.0.29554.1001-0\SecurityHealthHost.exe,SRP path rule,Unrestricted,,,,
SRP path rule,Extra/NonAdmin-Registry.pol,Software\Policies\Microsoft\Windows\Safer\CodeIdentifiers\262144\Paths,c:\FAST\*,SRP path rule,Unrestricted,,,,
SRP path rule,Extra/NonAdmin-Registry.pol,Software\Policies\Microsoft\Windows\Safer\CodeIdentifiers\262144\Paths,C:\Program Files (x86)\Microsoft\Edge\Application\154.0.4258.53\identity_helper.exe,SRP path rule,Unrestricted,,,,
SRP path rule,Extra/NonAdmin-Registry.pol,Software\Policies\Microsoft\Windows\Safer\CodeIdentifiers\262144\Paths,C:\Program Files (x86)\Microsoft\Edge\Application\msedge.exe,SRP path rule,Unrestricted,,,,
SRP path rule,Extra/NonAdmin-Registry.pol,Software\Policies\Microsoft\Windows\Safer\CodeIdentifiers\262144\Paths,C:\Program Files (x86)\UltraViewer\UltraViewer_Desktop.exe,SRP path rule,Unrestricted,,,,
SRP path rule,Extra/NonAdmin-Registry.pol,Software\Policies\Microsoft\Windows\Safer\CodeIdentifiers\262144\Paths,C:\Soft\*,SRP path rule,Unrestricted,,,,
Security,Backup/{GUID}/DomainSysvol/GPO/Machine/microsoft/windows nt/SecEdit/GptTmpl.inf,Event Audit,AuditAccountLogon,Security,0,0,0,,
Security,Backup/{GUID}/DomainSysvol/GPO/Machine/microsoft/windows nt/SecEdit/GptTmpl.inf,Event Audit,AuditAccountManage,Security,0,0,0,,
Security,Backup/{GUID}/DomainSysvol/GPO/Machine/microsoft/windows nt/SecEdit/GptTmpl.inf,Event Audit,AuditDSAccess,Security,0,0,0,,
Security,Backup/{GUID}/DomainSysvol/GPO/Machine/microsoft/windows nt/SecEdit/GptTmpl.inf,Event Audit,AuditLogonEvents,Security,0,0,0,,
Security,Backup/{GUID}/DomainSysvol/GPO/Machine/microsoft/windows nt/SecEdit/GptTmpl.inf,Event Audit,AuditObjectAccess,Security,0,0,3,,
Security,Backup/{GUID}/DomainSysvol/GPO/Machine/microsoft/windows nt/SecEdit/GptTmpl.inf,Event Audit,AuditPolicyChange,Security,0,0,0,,
Security,Backup/{GUID}/DomainSysvol/GPO/Machine/microsoft/windows nt/SecEdit/GptTmpl.inf,Event Audit,AuditPrivilegeUse,Security,0,0,0,,
Security,Backup/{GUID}/DomainSysvol/GPO/Machine/microsoft/windows nt/SecEdit/GptTmpl.inf,Event Audit,AuditProcessTracking,Security,0,0,0,,
Security,Backup/{GUID}/DomainSysvol/GPO/Machine/microsoft/windows nt/SecEdit/GptTmpl.inf,Event Audit,AuditSystemEvents,Security,0,0,0,,
Security,Backup/{GUID}/DomainSysvol/GPO/Machine/microsoft/windows nt/SecEdit/GptTmpl.inf,Privilege Rights,SeAssignPrimaryTokenPrivilege,Security,"*S-1-5-19,*S-1-5-20","*S-1-5-19,*S-1-5-20,*S-1-5-82-271721585-897601226-2024613209-625570482-296978595,*S-1-5-82-3006700770-424185619-1745488364-794895919-4004696415,*S-1-5-82-3876422241-1344743610-1729199087-774402673-2621913236","*S-1-5-19,*S-1-5-20",,
Security,Backup/{GUID}/DomainSysvol/GPO/Machine/microsoft/windows nt/SecEdit/GptTmpl.inf,Privilege Rights,SeAuditPrivilege,Security,"*S-1-5-19,*S-1-5-20,*S-1-5-99-216390572-1995538116-3857911515-2404958512-2623887229","*S-1-5-19,*S-1-5-20,*S-1-5-82-271721585-897601226-2024613209-625570482-296978595,*S-1-5-82-3006700770-424185619-1745488364-794895919-4004696415,*S-1-5-82-3876422241-1344743610-1729199087-774402673-2621913236","*S-1-5-19,*S-1-5-20",,
Security,Backup/{GUID}/DomainSysvol/GPO/Machine/microsoft/windows nt/SecEdit/GptTmpl.inf,Privilege Rights,SeBackupPrivilege,Security,"*S-1-5-32-544,*S-1-5-32-551","*S-1-5-32-544,*S-1-5-32-551","*S-1-5-32-544,*S-1-5-32-551",,
Security,Backup/{GUID}/DomainSysvol/GPO/Machine/microsoft/windows nt/SecEdit/GptTmpl.inf,Privilege Rights,SeBatchLogonRight,Security,"*S-1-5-32-544,*S-1-5-32-551,*S-1-5-32-559","*S-1-5-32-544,*S-1-5-32-551,*S-1-5-32-559,*S-1-5-32-568","*S-1-5-32-544,*S-1-5-32-551,*S-1-5-32-559,*S-1-5-32-568",,
Security,Backup/{GUID}/DomainSysvol/GPO/Machine/microsoft/windows nt/SecEdit/GptTmpl.inf,Privilege Rights,SeChangeNotifyPrivilege,Security,"*S-1-1-0,*S-1-5-19,*S-1-5-20,*S-1-5-32-544,*S-1-5-32-545,*S-1-5-32-551,*S-1-5-99-216390572-1995538116-3857911515-2404958512-2623887229","*S-1-1-0,*S-1-5-19,*S-1-5-20,*S-1-5-32-544,*S-1-5-32-545,*S-1-5-32-551","*S-1-1-0,*S-1-5-19,*S-1-5-20,*S-1-5-32-544,*S-1-5-32-545,*S-1-5-32-551",,
Security,Backup/{GUID}/DomainSysvol/GPO/Machine/microsoft/windows nt/SecEdit/GptTmpl.inf,Privilege Rights,SeCreateGlobalPrivilege,Security,"*S-1-5-19,*S-1-5-20,*S-1-5-32-544,*S-1-5-6","*S-1-5-19,*S-1-5-20,*S-1-5-32-544,*S-1-5-6","*S-1-5-19,*S-1-5-20,*S-1-5-32-544,*S-1-5-6",,
Security,Backup/{GUID}/DomainSysvol/GPO/Machine/microsoft/windows nt/SecEdit/GptTmpl.inf,Privilege Rights,SeCreatePagefilePrivilege,Security,*S-1-5-32-544,*S-1-5-32-544,*S-1-5-32-544,,
Security,Backup/{GUID}/DomainSysvol/GPO/Machine/microsoft/windows nt/SecEdit/GptTmpl.inf,Privilege Rights,SeCreatePermanentPrivilege,Security,,,,,
Security,Backup/{GUID}/DomainSysvol/GPO/Machine/microsoft/windows nt/SecEdit/GptTmpl.inf,Privilege Rights,SeCreateSymbolicLinkPrivilege,Security,"*S-1-5-32-544,*S-1-5-83-0",*S-1-5-32-544,*S-1-5-32-544,,
Security,Backup/{GUID}/DomainSysvol/GPO/Machine/microsoft/windows nt/SecEdit/GptTmpl.inf,Privilege Rights,SeCreateTokenPrivilege,Security,,,,,
Security,Backup/{GUID}/DomainSysvol/GPO/Machine/microsoft/windows nt/SecEdit/GptTmpl.inf,Privilege Rights,SeDebugPrivilege,Security,*S-1-5-32-544,*S-1-5-32-544,*S-1-5-32-544,,
Security,Backup/{GUID}/DomainSysvol/GPO/Machine/microsoft/windows nt/SecEdit/GptTmpl.inf,Privilege Rights,SeDelegateSessionUserImpersonatePrivilege,Security,*S-1-5-32-544,*S-1-5-32-544,*S-1-5-32-544,,
Security,Backup/{GUID}/DomainSysvol/GPO/Machine/microsoft/windows nt/SecEdit/GptTmpl.inf,Privilege Rights,SeDenyBatchLogonRight,Security,,,,,
Security,Backup/{GUID}/DomainSysvol/GPO/Machine/microsoft/windows nt/SecEdit/GptTmpl.inf,Privilege Rights,SeDenyInteractiveLogonRight,Security,Guest,Guest,guest_account,,
Security,Backup/{GUID}/DomainSysvol/GPO/Machine/microsoft/windows nt/SecEdit/GptTmpl.inf,Privilege Rights,SeDenyNetworkLogonRight,Security,Guest,Guest,guest_account,,
Security,Backup/{GUID}/DomainSysvol/GPO/Machine/microsoft/windows nt/SecEdit/GptTmpl.inf,Privilege Rights,SeDenyRemoteInteractiveLogonRight,Security,,,,,
Security,Backup/{GUID}/DomainSysvol/GPO/Machine/microsoft/windows nt/SecEdit/GptTmpl.inf,Privilege Rights,SeDenyServiceLogonRight,Security,,,,,
Security,Backup/{GUID}/DomainSysvol/GPO/Machine/microsoft/windows nt/SecEdit/GptTmpl.inf,Privilege Rights,SeEnableDelegationPrivilege,Security,,,,,
Security,Backup/{GUID}/DomainSysvol/GPO/Machine/microsoft/windows nt/SecEdit/GptTmpl.inf,Privilege Rights,SeImpersonatePrivilege,Security,"*S-1-5-19,*S-1-5-20,*S-1-5-32-544,*S-1-5-6,*S-1-5-99-216390572-1995538116-3857911515-2404958512-2623887229","*S-1-5-19,*S-1-5-20,*S-1-5-32-544,*S-1-5-32-568,*S-1-5-6","*S-1-5-19,*S-1-5-20,*S-1-5-32-544,*S-1-5-32-568,*S-1-5-6",,
Security,Backup/{GUID}/DomainSysvol/GPO/Machine/microsoft/windows nt/SecEdit/GptTmpl.inf,Privilege Rights,SeIncreaseBasePriorityPrivilege,Security,"*S-1-5-32-544,*S-1-5-90-0","*S-1-5-32-544,*S-1-5-90-0","*S-1-5-32-544,*S-1-5-90-0",,
Security,Backup/{GUID}/DomainSysvol/GPO/Machine/microsoft/windows nt/SecEdit/GptTmpl.inf,Privilege Rights,SeIncreaseQuotaPrivilege,Security,"*S-1-5-19,*S-1-5-20,*S-1-5-32-544","*S-1-5-19,*S-1-5-20,*S-1-5-32-544,*S-1-5-82-271721585-897601226-2024613209-625570482-296978595,*S-1-5-82-3006700770-424185619-1745488364-794895919-4004696415,*S-1-5-82-3876422241-1344743610-1729199087-774402673-2621913236","*S-1-5-19,*S-1-5-20,*S-1-5-32-544",,
Security,Backup/{GUID}/DomainSysvol/GPO/Machine/microsoft/windows nt/SecEdit/GptTmpl.inf,Privilege Rights,SeIncreaseWorkingSetPrivilege,Security,*S-1-5-32-545,*S-1-5-32-545,*S-1-5-32-545,,
Security,Backup/{GUID}/DomainSysvol/GPO/Machine/microsoft/windows nt/SecEdit/GptTmpl.inf,Privilege Rights,SeInteractiveLogonRight,Security,"Guest,*S-1-5-32-544,*S-1-5-32-545,*S-1-5-32-551","Guest,*S-1-5-32-544,*S-1-5-32-545,*S-1-5-32-551","guest_account,*S-1-5-32-544,*S-1-5-32-545,*S-1-5-32-551",,
Security,Backup/{GUID}/DomainSysvol/GPO/Machine/microsoft/windows nt/SecEdit/GptTmpl.inf,Privilege Rights,SeLoadDriverPrivilege,Security,*S-1-5-32-544,*S-1-5-32-544,*S-1-5-32-544,,
Security,Backup/{GUID}/DomainSysvol/GPO/Machine/microsoft/windows nt/SecEdit/GptTmpl.inf,Privilege Rights,SeLockMemoryPrivilege,Security,,,,,
Security,Backup/{GUID}/DomainSysvol/GPO/Machine/microsoft/windows nt/SecEdit/GptTmpl.inf,Privilege Rights,SeMachineAccountPrivilege,Security,,,,,
Security,Backup/{GUID}/DomainSysvol/GPO/Machine/microsoft/windows nt/SecEdit/GptTmpl.inf,Privilege Rights,SeManageVolumePrivilege,Security,*S-1-5-32-544,*S-1-5-32-544,*S-1-5-32-544,,
Security,Backup/{GUID}/DomainSysvol/GPO/Machine/microsoft/windows nt/SecEdit/GptTmpl.inf,Privilege Rights,SeNetworkLogonRight,Security,"*S-1-1-0,*S-1-5-32-544,*S-1-5-32-545,*S-1-5-32-551","*S-1-1-0,*S-1-5-32-544,*S-1-5-32-545,*S-1-5-32-551","*S-1-1-0,*S-1-5-32-544,*S-1-5-32-545,*S-1-5-32-551",,
Security,Backup/{GUID}/DomainSysvol/GPO/Machine/microsoft/windows nt/SecEdit/GptTmpl.inf,Privilege Rights,SeProfileSingleProcessPrivilege,Security,*S-1-5-32-544,*S-1-5-32-544,*S-1-5-32-544,,
Security,Backup/{GUID}/DomainSysvol/GPO/Machine/microsoft/windows nt/SecEdit/GptTmpl.inf,Privilege Rights,SeRelabelPrivilege,Security,,,,,
Security,Backup/{GUID}/DomainSysvol/GPO/Machine/microsoft/windows nt/SecEdit/GptTmpl.inf,Privilege Rights,SeRemoteInteractiveLogonRight,Security,"*S-1-5-32-544,*S-1-5-32-555","*S-1-5-32-544,*S-1-5-32-555","*S-1-5-32-544,*S-1-5-32-555",,
Security,Backup/{GUID}/DomainSysvol/GPO/Machine/microsoft/windows nt/SecEdit/GptTmpl.inf,Privilege Rights,SeRemoteShutdownPrivilege,Security,*S-1-5-32-544,*S-1-5-32-544,*S-1-5-32-544,,
Security,Backup/{GUID}/DomainSysvol/GPO/Machine/microsoft/windows nt/SecEdit/GptTmpl.inf,Privilege Rights,SeRestorePrivilege,Security,"*S-1-5-32-544,*S-1-5-32-551","*S-1-5-32-544,*S-1-5-32-551","*S-1-5-32-544,*S-1-5-32-551",,
Security,Backup/{GUID}/DomainSysvol/GPO/Machine/microsoft/windows nt/SecEdit/GptTmpl.inf,Privilege Rights,SeSecurityPrivilege,Security,*S-1-5-32-544,*S-1-5-32-544,*S-1-5-32-544,,
Security,Backup/{GUID}/DomainSysvol/GPO/Machine/microsoft/windows nt/SecEdit/GptTmpl.inf,Privilege Rights,SeServiceLogonRight,Security,"*S-1-5-80-0,*S-1-5-83-0,*S-1-5-99-0","*S-1-5-80-0,*S-1-5-82-271721585-897601226-2024613209-625570482-296978595,*S-1-5-82-3006700770-424185619-1745488364-794895919-4004696415,*S-1-5-82-3876422241-1344743610-1729199087-774402673-2621913236",*S-1-5-80-0,,
Security,Backup/{GUID}/DomainSysvol/GPO/Machine/microsoft/windows nt/SecEdit/GptTmpl.inf,Privilege Rights,SeShutdownPrivilege,Security,"*S-1-5-32-544,*S-1-5-32-545,*S-1-5-32-551","*S-1-5-32-544,*S-1-5-32-545,*S-1-5-32-551","*S-1-5-32-544,*S-1-5-32-545,*S-1-5-32-551",,
Security,Backup/{GUID}/DomainSysvol/GPO/Machine/microsoft/windows nt/SecEdit/GptTmpl.inf,Privilege Rights,SeSyncAgentPrivilege,Security,,,,,
Security,Backup/{GUID}/DomainSysvol/GPO/Machine/microsoft/windows nt/SecEdit/GptTmpl.inf,Privilege Rights,SeSystemEnvironmentPrivilege,Security,*S-1-5-32-544,*S-1-5-32-544,*S-1-5-32-544,,
Security,Backup/{GUID}/DomainSysvol/GPO/Machine/microsoft/windows nt/SecEdit/GptTmpl.inf,Privilege Rights,SeSystemProfilePrivilege,Security,"*S-1-5-32-544,*S-1-5-80-3139157870-2983391045-3678747466-658725712-1809340420","*S-1-5-32-544,*S-1-5-80-3139157870-2983391045-3678747466-658725712-1809340420","*S-1-5-32-544,*S-1-5-80-3139157870-2983391045-3678747466-658725712-1809340420",,
Security,Backup/{GUID}/DomainSysvol/GPO/Machine/microsoft/windows nt/SecEdit/GptTmpl.inf,Privilege Rights,SeSystemtimePrivilege,Security,"*S-1-5-19,*S-1-5-32-544","*S-1-5-19,*S-1-5-32-544","*S-1-5-19,*S-1-5-21-3911875265-4167004485-1380359025-1106,*S-1-5-21-3911875265-4167004485-1380359025-1109,*S-1-5-21-3911875265-4167004485-1380359025-1166,*S-1-5-21-3911875265-4167004485-1380359025-500,*S-1-5-32-544",,
Security,Backup/{GUID}/DomainSysvol/GPO/Machine/microsoft/windows nt/SecEdit/GptTmpl.inf,Privilege Rights,SeTakeOwnershipPrivilege,Security,*S-1-5-32-544,*S-1-5-32-544,*S-1-5-32-544,,
Security,Backup/{GUID}/DomainSysvol/GPO/Machine/microsoft/windows nt/SecEdit/GptTmpl.inf,Privilege Rights,SeTcbPrivilege,Security,,,,,
Security,Backup/{GUID}/DomainSysvol/GPO/Machine/microsoft/windows nt/SecEdit/GptTmpl.inf,Privilege Rights,SeTimeZonePrivilege,Security,"*S-1-5-19,*S-1-5-32-544,*S-1-5-32-545","*S-1-5-19,*S-1-5-32-544,*S-1-5-32-545","*S-1-5-19,*S-1-5-32-544,*S-1-5-32-545",,
Security,Backup/{GUID}/DomainSysvol/GPO/Machine/microsoft/windows nt/SecEdit/GptTmpl.inf,Privilege Rights,SeTrustedCredManAccessPrivilege,Security,,,,,
Security,Backup/{GUID}/DomainSysvol/GPO/Machine/microsoft/windows nt/SecEdit/GptTmpl.inf,Privilege Rights,SeUndockPrivilege,Security,"*S-1-5-32-544,*S-1-5-32-545","*S-1-5-32-544,*S-1-5-32-545","*S-1-5-32-544,*S-1-5-32-545",,
Security,Backup/{GUID}/DomainSysvol/GPO/Machine/microsoft/windows nt/SecEdit/GptTmpl.inf,Registry Values,MACHINE\Software\Microsoft\Windows NT\CurrentVersion\Setup\RecoveryConsole\SecurityLevel,Security option,"4,0","4,0","4,0",,
Security,Backup/{GUID}/DomainSysvol/GPO/Machine/microsoft/windows nt/SecEdit/GptTmpl.inf,Registry Values,MACHINE\Software\Microsoft\Windows NT\CurrentVersion\Setup\RecoveryConsole\SetCommand,Security option,"4,0","4,0","4,0",,
Security,Backup/{GUID}/DomainSysvol/GPO/Machine/microsoft/windows nt/SecEdit/GptTmpl.inf,Registry Values,MACHINE\Software\Microsoft\Windows NT\CurrentVersion\Winlogon\CachedLogonsCount,Security option,"1,""10""","1,""10""","1,""4""",,
Security,Backup/{GUID}/DomainSysvol/GPO/Machine/microsoft/windows nt/SecEdit/GptTmpl.inf,Registry Values,MACHINE\Software\Microsoft\Windows NT\CurrentVersion\Winlogon\ForceUnlockLogon,Security option,"4,0","4,0","4,0",,
Security,Backup/{GUID}/DomainSysvol/GPO/Machine/microsoft/windows nt/SecEdit/GptTmpl.inf,Registry Values,MACHINE\Software\Microsoft\Windows NT\CurrentVersion\Winlogon\PasswordExpiryWarning,Security option,"4,5","4,5","4,5",,
Security,Backup/{GUID}/DomainSysvol/GPO/Machine/microsoft/windows nt/SecEdit/GptTmpl.inf,Registry Values,MACHINE\Software\Microsoft\Windows NT\CurrentVersion\Winlogon\ScRemoveOption,Security option,"1,""0""","1,""0""","1,""1""",,
Security,Backup/{GUID}/DomainSysvol/GPO/Machine/microsoft/windows nt/SecEdit/GptTmpl.inf,Registry Values,MACHINE\Software\Microsoft\Windows\CurrentVersion\Policies\System\ConsentPromptBehaviorAdmin,Security option,"4,5","4,5","4,5",,
Security,Backup/{GUID}/DomainSysvol/GPO/Machine/microsoft/windows nt/SecEdit/GptTmpl.inf,Registry Values,MACHINE\Software\Microsoft\Windows\CurrentVersion\Policies\System\ConsentPromptBehaviorEnhancedAdmin,Security option,"4,1",,,,
Security,Backup/{GUID}/DomainSysvol/GPO/Machine/microsoft/windows nt/SecEdit/GptTmpl.inf,Registry Values,MACHINE\Software\Microsoft\Windows\CurrentVersion\Policies\System\ConsentPromptBehaviorUser,Security option,"4,3","4,3","4,3",,
Security,Backup/{GUID}/DomainSysvol/GPO/Machine/microsoft/windows nt/SecEdit/GptTmpl.inf,Registry Values,MACHINE\Software\Microsoft\Windows\CurrentVersion\Policies\System\DisableCAD,Security option,,"4,0","4,0",,
Security,Backup/{GUID}/DomainSysvol/GPO/Machine/microsoft/windows nt/SecEdit/GptTmpl.inf,Registry Values,MACHINE\Software\Microsoft\Windows\CurrentVersion\Policies\System\DontDisplayLastUserName,Security option,"4,0","4,0","4,1",,
Security,Backup/{GUID}/DomainSysvol/GPO/Machine/microsoft/windows nt/SecEdit/GptTmpl.inf,Registry Values,MACHINE\Software\Microsoft\Windows\CurrentVersion\Policies\System\EnableInstallerDetection,Security option,"4,1","4,1","4,1",,
Security,Backup/{GUID}/DomainSysvol/GPO/Machine/microsoft/windows nt/SecEdit/GptTmpl.inf,Registry Values,MACHINE\Software\Microsoft\Windows\CurrentVersion\Policies\System\EnableLUA,Security option,"4,1","4,1","4,1",,
Security,Backup/{GUID}/DomainSysvol/GPO/Machine/microsoft/windows nt/SecEdit/GptTmpl.inf,Registry Values,MACHINE\Software\Microsoft\Windows\CurrentVersion\Policies\System\EnableSecureUIAPaths,Security option,"4,1","4,1","4,1",,
Security,Backup/{GUID}/DomainSysvol/GPO/Machine/microsoft/windows nt/SecEdit/GptTmpl.inf,Registry Values,MACHINE\Software\Microsoft\Windows\CurrentVersion\Policies\System\EnableUIADesktopToggle,Security option,"4,0","4,0","4,0",,
Security,Backup/{GUID}/DomainSysvol/GPO/Machine/microsoft/windows nt/SecEdit/GptTmpl.inf,Registry Values,MACHINE\Software\Microsoft\Windows\CurrentVersion\Policies\System\EnableVirtualization,Security option,"4,1","4,1","4,1",,
Security,Backup/{GUID}/DomainSysvol/GPO/Machine/microsoft/windows nt/SecEdit/GptTmpl.inf,Registry Values,MACHINE\Software\Microsoft\Windows\CurrentVersion\Policies\System\InactivityTimeoutSecs,Security option,,"4,900","4,900",,
Security,Backup/{GUID}/DomainSysvol/GPO/Machine/microsoft/windows nt/SecEdit/GptTmpl.inf,Registry Values,MACHINE\Software\Microsoft\Windows\CurrentVersion\Policies\System\Kerberos\Parameters\SupportedEncryptionTypes,Security option,,"4,2147483640","4,2147483640",,
Security,Backup/{GUID}/DomainSysvol/GPO/Machine/microsoft/windows nt/SecEdit/GptTmpl.inf,Registry Values,MACHINE\Software\Microsoft\Windows\CurrentVersion\Policies\System\LegalNoticeCaption,Security option,"1,""""","1,""""","1,""DEAR USER""",,
Security,Backup/{GUID}/DomainSysvol/GPO/Machine/microsoft/windows nt/SecEdit/GptTmpl.inf,Registry Values,MACHINE\Software\Microsoft\Windows\CurrentVersion\Policies\System\LegalNoticeText,Security option,"7,","7,","7,This system is for authorized users only. Individual use of this computer system and/or network without authority"","" or in excess of your authority"","" is strictly prohibited. Monitoring of transmissions or transactional information may be conducted to ensure the proper functioning and security of electronic communication resources. Anyone using this system expressly consents to such monitoring and is advised that if such monitoring reveals possible criminal activity or policy violation"","" system personnel may provide the evidence of such monitoring to law enforcement or to other senior officials for disciplinary action.,Hệ thống này chỉ dành cho người dùng được ủy quyền. Việc cá nhân sử dụng hệ thống máy tính và/hoặc mạng này mà không có thẩm quyền hoặc vượt quá thẩm quyền của bạn đều bị nghiêm cấm. Giám sát việc truyền tải hoặc giao dịch thông tin có thể được tiến hành để đảm bảo hoạt động đúng đắn và an ninh,các nguồn tài nguyên truyền thông điện tử. Bất cứ ai sử dụng hệ thống này một cách rõ ràng đồng ý với việc giám sát đó và được thông báo rằng nếu việc giám sát đó tiết lộ hoạt động tội phạm hoặc vi phạm chính sách có thể xảy ra"","" nhân viên hệ thống có thể cung cấp bằng chứng về việc giám sát đó cho cơ quan thực thi pháp luật hoặc cho các quan chức cấp cao khác để xử lý kỷ luật.",,
Security,Backup/{GUID}/DomainSysvol/GPO/Machine/microsoft/windows nt/SecEdit/GptTmpl.inf,Registry Values,MACHINE\Software\Microsoft\Windows\CurrentVersion\Policies\System\MaxDevicePasswordFailedAttempts,Security option,,"4,10","4,10",,
Security,Backup/{GUID}/DomainSysvol/GPO/Machine/microsoft/windows nt/SecEdit/GptTmpl.inf,Registry Values,MACHINE\Software\Microsoft\Windows\CurrentVersion\Policies\System\NoConnectedUser,Security option,,"4,1","4,1",,
Security,Backup/{GUID}/DomainSysvol/GPO/Machine/microsoft/windows nt/SecEdit/GptTmpl.inf,Registry Values,MACHINE\Software\Microsoft\Windows\CurrentVersion\Policies\System\PromptOnSecureDesktop,Security option,"4,1","4,1","4,1",,
Security,Backup/{GUID}/DomainSysvol/GPO/Machine/microsoft/windows nt/SecEdit/GptTmpl.inf,Registry Values,MACHINE\Software\Microsoft\Windows\CurrentVersion\Policies\System\ScForceOption,Security option,"4,0","4,0","4,0",,
Security,Backup/{GUID}/DomainSysvol/GPO/Machine/microsoft/windows nt/SecEdit/GptTmpl.inf,Registry Values,MACHINE\Software\Microsoft\Windows\CurrentVersion\Policies\System\ShutdownWithoutLogon,Security option,"4,1","4,1","4,1",,
Security,Backup/{GUID}/DomainSysvol/GPO/Machine/microsoft/windows nt/SecEdit/GptTmpl.inf,Registry Values,MACHINE\Software\Microsoft\Windows\CurrentVersion\Policies\System\TypeOfAdminApprovalMode,Security option,"4,1",,,,
Security,Backup/{GUID}/DomainSysvol/GPO/Machine/microsoft/windows nt/SecEdit/GptTmpl.inf,Registry Values,MACHINE\Software\Microsoft\Windows\CurrentVersion\Policies\System\UndockWithoutLogon,Security option,"4,1","4,1","4,1",,
Security,Backup/{GUID}/DomainSysvol/GPO/Machine/microsoft/windows nt/SecEdit/GptTmpl.inf,Registry Values,MACHINE\Software\Microsoft\Windows\CurrentVersion\Policies\System\ValidateAdminCodeSignatures,Security option,"4,0","4,0","4,0",,
Security,Backup/{GUID}/DomainSysvol/GPO/Machine/microsoft/windows nt/SecEdit/GptTmpl.inf,Registry Values,MACHINE\Software\Policies\Microsoft\Cryptography\ForceKeyProtection,Security option,,"4,1","4,1",,
Security,Backup/{GUID}/DomainSysvol/GPO/Machine/microsoft/windows nt/SecEdit/GptTmpl.inf,Registry Values,MACHINE\Software\Policies\Microsoft\Windows\Safer\CodeIdentifiers\AuthenticodeEnabled,Security option,,"4,0","4,1",,
Security,Backup/{GUID}/DomainSysvol/GPO/Machine/microsoft/windows nt/SecEdit/GptTmpl.inf,Registry Values,MACHINE\System\CurrentControlSet\Control\Lsa\AuditBaseObjects,Security option,"4,0","4,0","4,0",,
Security,Backup/{GUID}/DomainSysvol/GPO/Machine/microsoft/windows nt/SecEdit/GptTmpl.inf,Registry Values,MACHINE\System\CurrentControlSet\Control\Lsa\CrashOnAuditFail,Security option,"4,0","4,0","4,0",,
Security,Backup/{GUID}/DomainSysvol/GPO/Machine/microsoft/windows nt/SecEdit/GptTmpl.inf,Registry Values,MACHINE\System\CurrentControlSet\Control\Lsa\DisableDomainCreds,Security option,"4,0","4,0","4,0",,
Security,Backup/{GUID}/DomainSysvol/GPO/Machine/microsoft/windows nt/SecEdit/GptTmpl.inf,Registry Values,MACHINE\System\CurrentControlSet\Control\Lsa\EveryoneIncludesAnonymous,Security option,"4,0","4,0","4,0",,
Security,Backup/{GUID}/DomainSysvol/GPO/Machine/microsoft/windows nt/SecEdit/GptTmpl.inf,Registry Values,MACHINE\System\CurrentControlSet\Control\Lsa\FIPSAlgorithmPolicy\Enabled,Security option,"4,0","4,0","4,0",,
Security,Backup/{GUID}/DomainSysvol/GPO/Machine/microsoft/windows nt/SecEdit/GptTmpl.inf,Registry Values,MACHINE\System\CurrentControlSet\Control\Lsa\ForceGuest,Security option,"4,0","4,0","4,0",,
Security,Backup/{GUID}/DomainSysvol/GPO/Machine/microsoft/windows nt/SecEdit/GptTmpl.inf,Registry Values,MACHINE\System\CurrentControlSet\Control\Lsa\FullPrivilegeAuditing,Security option,"3,0","3,0","3,0",,
Security,Backup/{GUID}/DomainSysvol/GPO/Machine/microsoft/windows nt/SecEdit/GptTmpl.inf,Registry Values,MACHINE\System\CurrentControlSet\Control\Lsa\LimitBlankPasswordUse,Security option,"4,1","4,1","4,1",,
Security,Backup/{GUID}/DomainSysvol/GPO/Machine/microsoft/windows nt/SecEdit/GptTmpl.inf,Registry Values,MACHINE\System\CurrentControlSet\Control\Lsa\LmCompatibilityLevel,Security option,,"4,5","4,5",,
Security,Backup/{GUID}/DomainSysvol/GPO/Machine/microsoft/windows nt/SecEdit/GptTmpl.inf,Registry Values,MACHINE\System\CurrentControlSet\Control\Lsa\MSV1_0\NTLMMinClientSec,Security option,"4,536870912","4,536870912","4,537395200",,
Security,Backup/{GUID}/DomainSysvol/GPO/Machine/microsoft/windows nt/SecEdit/GptTmpl.inf,Registry Values,MACHINE\System\CurrentControlSet\Control\Lsa\MSV1_0\NTLMMinServerSec,Security option,"4,536870912","4,536870912","4,537395200",,
Security,Backup/{GUID}/DomainSysvol/GPO/Machine/microsoft/windows nt/SecEdit/GptTmpl.inf,Registry Values,MACHINE\System\CurrentControlSet\Control\Lsa\NoLMHash,Security option,"4,1","4,1","4,1",,
Security,Backup/{GUID}/DomainSysvol/GPO/Machine/microsoft/windows nt/SecEdit/GptTmpl.inf,Registry Values,MACHINE\System\CurrentControlSet\Control\Lsa\RestrictAnonymous,Security option,"4,0","4,0","4,1",,
Security,Backup/{GUID}/DomainSysvol/GPO/Machine/microsoft/windows nt/SecEdit/GptTmpl.inf,Registry Values,MACHINE\System\CurrentControlSet\Control\Lsa\RestrictAnonymousSAM,Security option,"4,1","4,1","4,1",,
Security,Backup/{GUID}/DomainSysvol/GPO/Machine/microsoft/windows nt/SecEdit/GptTmpl.inf,Registry Values,MACHINE\System\CurrentControlSet\Control\Lsa\UseMachineId,Security option,,"4,1","4,1",,
Security,Backup/{GUID}/DomainSysvol/GPO/Machine/microsoft/windows nt/SecEdit/GptTmpl.inf,Registry Values,MACHINE\System\CurrentControlSet\Control\Print\Providers\LanMan Print Services\Servers\AddPrinterDrivers,Security option,"4,0","4,0","4,0",,
Security,Backup/{GUID}/DomainSysvol/GPO/Machine/microsoft/windows nt/SecEdit/GptTmpl.inf,Registry Values,MACHINE\System\CurrentControlSet\Control\SAM\MinimumPasswordLengthAudit,Security option,,"4,14","4,14",,
Security,Backup/{GUID}/DomainSysvol/GPO/Machine/microsoft/windows nt/SecEdit/GptTmpl.inf,Registry Values,MACHINE\System\CurrentControlSet\Control\SecurePipeServers\Winreg\AllowedExactPaths\Machine,Security option,"7,System\CurrentControlSet\Control\ProductOptions,System\CurrentControlSet\Control\Server Applications,Software\Microsoft\Windows NT\CurrentVersion","7,System\CurrentControlSet\Control\ProductOptions,System\CurrentControlSet\Control\Server Applications,Software\Microsoft\Windows NT\CurrentVersion","7,System\CurrentControlSet\Control\ProductOptions,System\CurrentControlSet\Control\Server Applications,Software\Microsoft\Windows NT\CurrentVersion",,
Security,Backup/{GUID}/DomainSysvol/GPO/Machine/microsoft/windows nt/SecEdit/GptTmpl.inf,Registry Values,MACHINE\System\CurrentControlSet\Control\SecurePipeServers\Winreg\AllowedPaths\Machine,Security option,"7,System\CurrentControlSet\Control\Print\Printers,System\CurrentControlSet\Services\Eventlog,Software\Microsoft\OLAP Server,Software\Microsoft\Windows NT\CurrentVersion\Print,Software\Microsoft\Windows NT\CurrentVersion\Windows,System\CurrentControlSet\Control\ContentIndex,System\CurrentControlSet\Control\Terminal Server,System\CurrentControlSet\Control\Terminal Server\UserConfig,System\CurrentControlSet\Control\Terminal Server\DefaultUserConfiguration,Software\Microsoft\Windows NT\CurrentVersion\Perflib,System\CurrentControlSet\Services\SysmonLog","7,System\CurrentControlSet\Control\Print\Printers,System\CurrentControlSet\Services\Eventlog,Software\Microsoft\OLAP Server,Software\Microsoft\Windows NT\CurrentVersion\Print,Software\Microsoft\Windows NT\CurrentVersion\Windows,System\CurrentControlSet\Control\ContentIndex,System\CurrentControlSet\Control\Terminal Server,System\CurrentControlSet\Control\Terminal Server\UserConfig,System\CurrentControlSet\Control\Terminal Server\DefaultUserConfiguration,Software\Microsoft\Windows NT\CurrentVersion\Perflib,System\CurrentControlSet\Services\SysmonLog","7,System\CurrentControlSet\Control\Print\Printers,System\CurrentControlSet\Services\Eventlog,Software\Microsoft\OLAP Server,Software\Microsoft\Windows NT\CurrentVersion\Print,Software\Microsoft\Windows NT\CurrentVersion\Windows,System\CurrentControlSet\Control\ContentIndex,System\CurrentControlSet\Control\Terminal Server,System\CurrentControlSet\Control\Terminal Server\UserConfig,System\CurrentControlSet\Control\Terminal Server\DefaultUserConfiguration,Software\Microsoft\Windows NT\CurrentVersion\Perflib,System\CurrentControlSet\Services\SysmonLog",,
Security,Backup/{GUID}/DomainSysvol/GPO/Machine/microsoft/windows nt/SecEdit/GptTmpl.inf,Registry Values,MACHINE\System\CurrentControlSet\Control\Session Manager\Kernel\ObCaseInsensitive,Security option,"4,1","4,1","4,1",,
Security,Backup/{GUID}/DomainSysvol/GPO/Machine/microsoft/windows nt/SecEdit/GptTmpl.inf,Registry Values,MACHINE\System\CurrentControlSet\Control\Session Manager\Memory Management\ClearPageFileAtShutdown,Security option,"4,0","4,0","4,0",,
Security,Backup/{GUID}/DomainSysvol/GPO/Machine/microsoft/windows nt/SecEdit/GptTmpl.inf,Registry Values,MACHINE\System\CurrentControlSet\Control\Session Manager\ProtectionMode,Security option,"4,1","4,1","4,1",,
Security,Backup/{GUID}/DomainSysvol/GPO/Machine/microsoft/windows nt/SecEdit/GptTmpl.inf,Registry Values,MACHINE\System\CurrentControlSet\Control\Session Manager\SubSystems\optional,Security option,"7,","7,","7,",,
Security,Backup/{GUID}/DomainSysvol/GPO/Machine/microsoft/windows nt/SecEdit/GptTmpl.inf,Registry Values,MACHINE\System\CurrentControlSet\Services\LanManServer\Parameters\AutoDisconnect,Security option,"4,15","4,15","4,15",,
Security,Backup/{GUID}/DomainSysvol/GPO/Machine/microsoft/windows nt/SecEdit/GptTmpl.inf,Registry Values,MACHINE\System\CurrentControlSet\Services\LanManServer\Parameters\EnableForcedLogOff,Security option,"4,1","4,1","4,1",,
Security,Backup/{GUID}/DomainSysvol/GPO/Machine/microsoft/windows nt/SecEdit/GptTmpl.inf,Registry Values,MACHINE\System\CurrentControlSet\Services\LanManServer\Parameters\EnableSecuritySignature,Security option,"4,0","4,0","4,1",,
Security,Backup/{GUID}/DomainSysvol/GPO/Machine/microsoft/windows nt/SecEdit/GptTmpl.inf,Registry Values,MACHINE\System\CurrentControlSet\Services\LanManServer\Parameters\NullSessionPipes,Security option,"7,","7,","7,",,
Security,Backup/{GUID}/DomainSysvol/GPO/Machine/microsoft/windows nt/SecEdit/GptTmpl.inf,Registry Values,MACHINE\System\CurrentControlSet\Services\LanManServer\Parameters\RequireSecuritySignature,Security option,,"4,0","4,1",,
Security,Backup/{GUID}/DomainSysvol/GPO/Machine/microsoft/windows nt/SecEdit/GptTmpl.inf,Registry Values,MACHINE\System\CurrentControlSet\Services\LanManServer\Parameters\RestrictNullSessAccess,Security option,"4,1","4,1","4,1",,
Security,Backup/{GUID}/DomainSysvol/GPO/Machine/microsoft/windows nt/SecEdit/GptTmpl.inf,Registry Values,MACHINE\System\CurrentControlSet\Services\LanManServer\Parameters\SmbServerNameHardeningLevel,Security option,,"4,1","4,1",,
Security,Backup/{GUID}/DomainSysvol/GPO/Machine/microsoft/windows nt/SecEdit/GptTmpl.inf,Registry Values,MACHINE\System\CurrentControlSet\Services\LanmanWorkstation\Parameters\EnablePlainTextPassword,Security option,"4,0","4,0","4,0",,
Security,Backup/{GUID}/DomainSysvol/GPO/Machine/microsoft/windows nt/SecEdit/GptTmpl.inf,Registry Values,MACHINE\System\CurrentControlSet\Services\LanmanWorkstation\Parameters\EnableSecuritySignature,Security option,"4,1","4,1","4,1",,
Security,Backup/{GUID}/DomainSysvol/GPO/Machine/microsoft/windows nt/SecEdit/GptTmpl.inf,Registry Values,MACHINE\System\CurrentControlSet\Services\LanmanWorkstation\Parameters\RequireSecuritySignature,Security option,,"4,1","4,1",,
Security,Backup/{GUID}/DomainSysvol/GPO/Machine/microsoft/windows nt/SecEdit/GptTmpl.inf,Registry Values,MACHINE\System\CurrentControlSet\Services\LDAP\LDAPClientConfidentiality,Security option,"4,1",,,,
Security,Backup/{GUID}/DomainSysvol/GPO/Machine/microsoft/windows nt/SecEdit/GptTmpl.inf,Registry Values,MACHINE\System\CurrentControlSet\Services\LDAP\LDAPClientIntegrity,Security option,"4,1","4,1","4,1",,
Security,Backup/{GUID}/DomainSysvol/GPO/Machine/microsoft/windows nt/SecEdit/GptTmpl.inf,Registry Values,MACHINE\System\CurrentControlSet\Services\Netlogon\Parameters\DisablePasswordChange,Security option,"4,0","4,0","4,0",,
Security,Backup/{GUID}/DomainSysvol/GPO/Machine/microsoft/windows nt/SecEdit/GptTmpl.inf,Registry Values,MACHINE\System\CurrentControlSet\Services\Netlogon\Parameters\MaximumPasswordAge,Security option,"4,30","4,30","4,30",,
Security,Backup/{GUID}/DomainSysvol/GPO/Machine/microsoft/windows nt/SecEdit/GptTmpl.inf,Registry Values,MACHINE\System\CurrentControlSet\Services\Netlogon\Parameters\RequireSignOrSeal,Security option,"4,1","4,1","4,1",,
Security,Backup/{GUID}/DomainSysvol/GPO/Machine/microsoft/windows nt/SecEdit/GptTmpl.inf,Registry Values,MACHINE\System\CurrentControlSet\Services\Netlogon\Parameters\RequireStrongKey,Security option,"4,1","4,1","4,1",,
Security,Backup/{GUID}/DomainSysvol/GPO/Machine/microsoft/windows nt/SecEdit/GptTmpl.inf,Registry Values,MACHINE\System\CurrentControlSet\Services\Netlogon\Parameters\SealSecureChannel,Security option,"4,1","4,1","4,1",,
Security,Backup/{GUID}/DomainSysvol/GPO/Machine/microsoft/windows nt/SecEdit/GptTmpl.inf,Registry Values,MACHINE\System\CurrentControlSet\Services\Netlogon\Parameters\SignSecureChannel,Security option,"4,1","4,1","4,1",,
Security,Backup/{GUID}/DomainSysvol/GPO/Machine/microsoft/windows nt/SecEdit/GptTmpl.inf,System Access,AllowAdministratorLockout,Security,1,,1,,
Security,Backup/{GUID}/DomainSysvol/GPO/Machine/microsoft/windows nt/SecEdit/GptTmpl.inf,System Access,ClearTextPassword,Security,0,0,0,,
Security,Backup/{GUID}/DomainSysvol/GPO/Machine/microsoft/windows nt/SecEdit/GptTmpl.inf,System Access,EnableAdminAccount,Security,0,0,0,,
Security,Backup/{GUID}/DomainSysvol/GPO/Machine/microsoft/windows nt/SecEdit/GptTmpl.inf,System Access,EnableGuestAccount,Security,0,0,0,,
Security,Backup/{GUID}/DomainSysvol/GPO/Machine/microsoft/windows nt/SecEdit/GptTmpl.inf,System Access,ForceLogoffWhenHourExpire,Security,0,0,0,,
Security,Backup/{GUID}/DomainSysvol/GPO/Machine/microsoft/windows nt/SecEdit/GptTmpl.inf,System Access,LockoutBadCount,Security,10,0,5,,
Security,Backup/{GUID}/DomainSysvol/GPO/Machine/microsoft/windows nt/SecEdit/GptTmpl.inf,System Access,LockoutDuration,Security,10,,15,,
Security,Backup/{GUID}/DomainSysvol/GPO/Machine/microsoft/windows nt/SecEdit/GptTmpl.inf,System Access,LSAAnonymousNameLookup,Security,0,0,0,,
Security,Backup/{GUID}/DomainSysvol/GPO/Machine/microsoft/windows nt/SecEdit/GptTmpl.inf,System Access,MaximumPasswordAge,Security,42,42,365,,
Security,Backup/{GUID}/DomainSysvol/GPO/Machine/microsoft/windows nt/SecEdit/GptTmpl.inf,System Access,MinimumPasswordAge,Security,0,0,1,,
Security,Backup/{GUID}/DomainSysvol/GPO/Machine/microsoft/windows nt/SecEdit/GptTmpl.inf,System Access,MinimumPasswordLength,Security,0,0,14,,
Security,Backup/{GUID}/DomainSysvol/GPO/Machine/microsoft/windows nt/SecEdit/GptTmpl.inf,System Access,NewAdministratorName,Security,"""Administrator""","""Administrator""","""admin_local""",,
Security,Backup/{GUID}/DomainSysvol/GPO/Machine/microsoft/windows nt/SecEdit/GptTmpl.inf,System Access,NewGuestName,Security,"""Guest""","""Guest""","""guest_account""",,
Security,Backup/{GUID}/DomainSysvol/GPO/Machine/microsoft/windows nt/SecEdit/GptTmpl.inf,System Access,PasswordComplexity,Security,0,0,1,,
Security,Backup/{GUID}/DomainSysvol/GPO/Machine/microsoft/windows nt/SecEdit/GptTmpl.inf,System Access,PasswordHistorySize,Security,0,0,24,,
Security,Backup/{GUID}/DomainSysvol/GPO/Machine/microsoft/windows nt/SecEdit/GptTmpl.inf,System Access,RequireLogonToChangePassword,Security,0,0,0,,
Security,Backup/{GUID}/DomainSysvol/GPO/Machine/microsoft/windows nt/SecEdit/GptTmpl.inf,System Access,ResetLockoutCount,Security,10,,10,,
Audit,Backup/{GUID}/DomainSysvol/GPO/Machine/microsoft/windows nt/Audit/audit.csv,Advanced Audit Policy,Access Rights,Audit,No Auditing,No Auditing,No Auditing,,
Audit,Backup/{GUID}/DomainSysvol/GPO/Machine/microsoft/windows nt/Audit/audit.csv,Advanced Audit Policy,Account Lockout,Audit,Success,Success,Success,,
Audit,Backup/{GUID}/DomainSysvol/GPO/Machine/microsoft/windows nt/Audit/audit.csv,Advanced Audit Policy,Application Generated,Audit,No Auditing,No Auditing,Success and Failure,,
Audit,Backup/{GUID}/DomainSysvol/GPO/Machine/microsoft/windows nt/Audit/audit.csv,Advanced Audit Policy,Application Group Management,Audit,No Auditing,No Auditing,No Auditing,,
Audit,Backup/{GUID}/DomainSysvol/GPO/Machine/microsoft/windows nt/Audit/audit.csv,Advanced Audit Policy,Audit Policy Change,Audit,Success,Success,Success,,
Audit,Backup/{GUID}/DomainSysvol/GPO/Machine/microsoft/windows nt/Audit/audit.csv,Advanced Audit Policy,Authentication Policy Change,Audit,Success,Success,Success,,
Audit,Backup/{GUID}/DomainSysvol/GPO/Machine/microsoft/windows nt/Audit/audit.csv,Advanced Audit Policy,Authorization Policy Change,Audit,No Auditing,No Auditing,No Auditing,,
Audit,Backup/{GUID}/DomainSysvol/GPO/Machine/microsoft/windows nt/Audit/audit.csv,Advanced Audit Policy,Central Policy Staging,Audit,No Auditing,No Auditing,Success and Failure,,
Audit,Backup/{GUID}/DomainSysvol/GPO/Machine/microsoft/windows nt/Audit/audit.csv,Advanced Audit Policy,Certification Services,Audit,No Auditing,No Auditing,Success and Failure,,
Audit,Backup/{GUID}/DomainSysvol/GPO/Machine/microsoft/windows nt/Audit/audit.csv,Advanced Audit Policy,Computer Account Management,Audit,No Auditing,No Auditing,No Auditing,,
Audit,Backup/{GUID}/DomainSysvol/GPO/Machine/microsoft/windows nt/Audit/audit.csv,Advanced Audit Policy,Credential Validation,Audit,No Auditing,No Auditing,No Auditing,,
Audit,Backup/{GUID}/DomainSysvol/GPO/Machine/microsoft/windows nt/Audit/audit.csv,Advanced Audit Policy,Detailed Directory Service Replication,Audit,No Auditing,No Auditing,No Auditing,,
Audit,Backup/{GUID}/DomainSysvol/GPO/Machine/microsoft/windows nt/Audit/audit.csv,Advanced Audit Policy,Detailed File Share,Audit,No Auditing,No Auditing,Success and Failure,,
Audit,Backup/{GUID}/DomainSysvol/GPO/Machine/microsoft/windows nt/Audit/audit.csv,Advanced Audit Policy,Directory Service Access,Audit,No Auditing,No Auditing,No Auditing,,
Audit,Backup/{GUID}/DomainSysvol/GPO/Machine/microsoft/windows nt/Audit/audit.csv,Advanced Audit Policy,Directory Service Changes,Audit,No Auditing,No Auditing,No Auditing,,
Audit,Backup/{GUID}/DomainSysvol/GPO/Machine/microsoft/windows nt/Audit/audit.csv,Advanced Audit Policy,Directory Service Replication,Audit,No Auditing,No Auditing,No Auditing,,
Audit,Backup/{GUID}/DomainSysvol/GPO/Machine/microsoft/windows nt/Audit/audit.csv,Advanced Audit Policy,Distribution Group Management,Audit,No Auditing,No Auditing,No Auditing,,
Audit,Backup/{GUID}/DomainSysvol/GPO/Machine/microsoft/windows nt/Audit/audit.csv,Advanced Audit Policy,DPAPI Activity,Audit,No Auditing,No Auditing,No Auditing,,
Audit,Backup/{GUID}/DomainSysvol/GPO/Machine/microsoft/windows nt/Audit/audit.csv,Advanced Audit Policy,File Share,Audit,No Auditing,No Auditing,Success and Failure,,
Audit,Backup/{GUID}/DomainSysvol/GPO/Machine/microsoft/windows nt/Audit/audit.csv,Advanced Audit Policy,File System,Audit,No Auditing,No Auditing,Success and Failure,,
Audit,Backup/{GUID}/DomainSysvol/GPO/Machine/microsoft/windows nt/Audit/audit.csv,Advanced Audit Policy,FileGlobalSacl,Audit,,,,,
Audit,Backup/{GUID}/DomainSysvol/GPO/Machine/microsoft/windows nt/Audit/audit.csv,Advanced Audit Policy,Filtering Platform Connection,Audit,No Auditing,No Auditing,Success and Failure,,
Audit,Backup/{GUID}/DomainSysvol/GPO/Machine/microsoft/windows nt/Audit/audit.csv,Advanced Audit Policy,Filtering Platform Packet Drop,Audit,No Auditing,No Auditing,Success and Failure,,
Audit,Backup/{GUID}/DomainSysvol/GPO/Machine/microsoft/windows nt/Audit/audit.csv,Advanced Audit Policy,Filtering Platform Policy Change,Audit,No Auditing,No Auditing,No Auditing,,
Audit,Backup/{GUID}/DomainSysvol/GPO/Machine/microsoft/windows nt/Audit/audit.csv,Advanced Audit Policy,Group Membership,Audit,No Auditing,No Auditing,No Auditing,,
Audit,Backup/{GUID}/DomainSysvol/GPO/Machine/microsoft/windows nt/Audit/audit.csv,Advanced Audit Policy,Handle Manipulation,Audit,No Auditing,No Auditing,Success and Failure,,
Audit,Backup/{GUID}/DomainSysvol/GPO/Machine/microsoft/windows nt/Audit/audit.csv,Advanced Audit Policy,IPsec Driver,Audit,No Auditing,No Auditing,No Auditing,,
Audit,Backup/{GUID}/DomainSysvol/GPO/Machine/microsoft/windows nt/Audit/audit.csv,Advanced Audit Policy,IPsec Extended Mode,Audit,No Auditing,No Auditing,No Auditing,,
Audit,Backup/{GUID}/DomainSysvol/GPO/Machine/microsoft/windows nt/Audit/audit.csv,Advanced Audit Policy,IPsec Main Mode,Audit,No Auditing,No Auditing,No Auditing,,
Audit,Backup/{GUID}/DomainSysvol/GPO/Machine/microsoft/windows nt/Audit/audit.csv,Advanced Audit Policy,IPsec Quick Mode,Audit,No Auditing,No Auditing,No Auditing,,
Audit,Backup/{GUID}/DomainSysvol/GPO/Machine/microsoft/windows nt/Audit/audit.csv,Advanced Audit Policy,Kerberos Authentication Service,Audit,No Auditing,No Auditing,No Auditing,,
Audit,Backup/{GUID}/DomainSysvol/GPO/Machine/microsoft/windows nt/Audit/audit.csv,Advanced Audit Policy,Kerberos Service Ticket Operations,Audit,No Auditing,No Auditing,No Auditing,,
Audit,Backup/{GUID}/DomainSysvol/GPO/Machine/microsoft/windows nt/Audit/audit.csv,Advanced Audit Policy,Kernel Object,Audit,No Auditing,No Auditing,Success and Failure,,
Audit,Backup/{GUID}/DomainSysvol/GPO/Machine/microsoft/windows nt/Audit/audit.csv,Advanced Audit Policy,Logoff,Audit,Success,Success,Success,,
Audit,Backup/{GUID}/DomainSysvol/GPO/Machine/microsoft/windows nt/Audit/audit.csv,Advanced Audit Policy,Logon,Audit,Success and Failure,Success and Failure,Success and Failure,,
Audit,Backup/{GUID}/DomainSysvol/GPO/Machine/microsoft/windows nt/Audit/audit.csv,Advanced Audit Policy,MPSSVC Rule-Level Policy Change,Audit,No Auditing,No Auditing,No Auditing,,
Audit,Backup/{GUID}/DomainSysvol/GPO/Machine/microsoft/windows nt/Audit/audit.csv,Advanced Audit Policy,Network Policy Server,Audit,Success and Failure,Success and Failure,Success and Failure,,
Audit,Backup/{GUID}/DomainSysvol/GPO/Machine/microsoft/windows nt/Audit/audit.csv,Advanced Audit Policy,Non Sensitive Privilege Use,Audit,No Auditing,No Auditing,No Auditing,,
Audit,Backup/{GUID}/DomainSysvol/GPO/Machine/microsoft/windows nt/Audit/audit.csv,Advanced Audit Policy,Option:AuditBaseDirectories,Audit,Disabled,Disabled,Disabled,,
Audit,Backup/{GUID}/DomainSysvol/GPO/Machine/microsoft/windows nt/Audit/audit.csv,Advanced Audit Policy,Option:AuditBaseObjects,Audit,Disabled,Disabled,Disabled,,
Audit,Backup/{GUID}/DomainSysvol/GPO/Machine/microsoft/windows nt/Audit/audit.csv,Advanced Audit Policy,Option:CrashOnAuditFail,Audit,Disabled,Disabled,Disabled,,
Audit,Backup/{GUID}/DomainSysvol/GPO/Machine/microsoft/windows nt/Audit/audit.csv,Advanced Audit Policy,Option:FullPrivilegeAuditing,Audit,Disabled,Disabled,Disabled,,
Audit,Backup/{GUID}/DomainSysvol/GPO/Machine/microsoft/windows nt/Audit/audit.csv,Advanced Audit Policy,Other Account Logon Events,Audit,No Auditing,No Auditing,No Auditing,,
Audit,Backup/{GUID}/DomainSysvol/GPO/Machine/microsoft/windows nt/Audit/audit.csv,Advanced Audit Policy,Other Account Management Events,Audit,No Auditing,No Auditing,No Auditing,,
Audit,Backup/{GUID}/DomainSysvol/GPO/Machine/microsoft/windows nt/Audit/audit.csv,Advanced Audit Policy,Other Logon/Logoff Events,Audit,No Auditing,No Auditing,No Auditing,,
Audit,Backup/{GUID}/DomainSysvol/GPO/Machine/microsoft/windows nt/Audit/audit.csv,Advanced Audit Policy,Other Object Access Events,Audit,No Auditing,No Auditing,Success and Failure,,
Audit,Backup/{GUID}/DomainSysvol/GPO/Machine/microsoft/windows nt/Audit/audit.csv,Advanced Audit Policy,Other Policy Change Events,Audit,No Auditing,No Auditing,No Auditing,,
Audit,Backup/{GUID}/DomainSysvol/GPO/Machine/microsoft/windows nt/Audit/audit.csv,Advanced Audit Policy,Other Privilege Use Events,Audit,No Auditing,No Auditing,No Auditing,,
Audit,Backup/{GUID}/DomainSysvol/GPO/Machine/microsoft/windows nt/Audit/audit.csv,Advanced Audit Policy,Other System Events,Audit,Success and Failure,Success and Failure,Success and Failure,,
Audit,Backup/{GUID}/DomainSysvol/GPO/Machine/microsoft/windows nt/Audit/audit.csv,Advanced Audit Policy,Plug and Play Events,Audit,No Auditing,No Auditing,No Auditing,,
Audit,Backup/{GUID}/DomainSysvol/GPO/Machine/microsoft/windows nt/Audit/audit.csv,Advanced Audit Policy,Process Creation,Audit,No Auditing,No Auditing,No Auditing,,
Audit,Backup/{GUID}/DomainSysvol/GPO/Machine/microsoft/windows nt/Audit/audit.csv,Advanced Audit Policy,Process Termination,Audit,No Auditing,No Auditing,No Auditing,,
Audit,Backup/{GUID}/DomainSysvol/GPO/Machine/microsoft/windows nt/Audit/audit.csv,Advanced Audit Policy,Registry,Audit,No Auditing,No Auditing,Success and Failure,,
Audit,Backup/{GUID}/DomainSysvol/GPO/Machine/microsoft/windows nt/Audit/audit.csv,Advanced Audit Policy,RegistryGlobalSacl,Audit,,,,,
Audit,Backup/{GUID}/DomainSysvol/GPO/Machine/microsoft/windows nt/Audit/audit.csv,Advanced Audit Policy,Removable Storage,Audit,No Auditing,No Auditing,Success and Failure,,
Audit,Backup/{GUID}/DomainSysvol/GPO/Machine/microsoft/windows nt/Audit/audit.csv,Advanced Audit Policy,RPC Events,Audit,No Auditing,No Auditing,No Auditing,,
Audit,Backup/{GUID}/DomainSysvol/GPO/Machine/microsoft/windows nt/Audit/audit.csv,Advanced Audit Policy,SAM,Audit,No Auditing,No Auditing,Success and Failure,,
Audit,Backup/{GUID}/DomainSysvol/GPO/Machine/microsoft/windows nt/Audit/audit.csv,Advanced Audit Policy,Security Group Management,Audit,Success,Success,Success,,
Audit,Backup/{GUID}/DomainSysvol/GPO/Machine/microsoft/windows nt/Audit/audit.csv,Advanced Audit Policy,Security State Change,Audit,Success,Success,Success,,
Audit,Backup/{GUID}/DomainSysvol/GPO/Machine/microsoft/windows nt/Audit/audit.csv,Advanced Audit Policy,Security System Extension,Audit,No Auditing,No Auditing,No Auditing,,
Audit,Backup/{GUID}/DomainSysvol/GPO/Machine/microsoft/windows nt/Audit/audit.csv,Advanced Audit Policy,Sensitive Privilege Use,Audit,No Auditing,No Auditing,No Auditing,,
Audit,Backup/{GUID}/DomainSysvol/GPO/Machine/microsoft/windows nt/Audit/audit.csv,Advanced Audit Policy,Special Logon,Audit,Success,Success,Success,,
Audit,Backup/{GUID}/DomainSysvol/GPO/Machine/microsoft/windows nt/Audit/audit.csv,Advanced Audit Policy,System Integrity,Audit,Success and Failure,Success and Failure,Success and Failure,,
Audit,Backup/{GUID}/DomainSysvol/GPO/Machine/microsoft/windows nt/Audit/audit.csv,Advanced Audit Policy,Token Right Adjusted Events,Audit,No Auditing,No Auditing,No Auditing,,
Audit,Backup/{GUID}/DomainSysvol/GPO/Machine/microsoft/windows nt/Audit/audit.csv,Advanced Audit Policy,User / Device Claims,Audit,No Auditing,No Auditing,No Auditing,,
Audit,Backup/{GUID}/DomainSysvol/GPO/Machine/microsoft/windows nt/Audit/audit.csv,Advanced Audit Policy,User Account Management,Audit,Success,Success,Success,,
